"Sort Key","Type","Name","Version","Name Space Id","Description","Steward","Value Type","Minimum Cardinality","Maximum Cardinality","Minimum Value","Maximum Value","Minimum Characters","Maximum Characters","Unit of Measure Type","Specified Unit Id","Attribute Concept","Conceptual Domain"
"ops:Operation_Metadata:1            ","Class","Operation_Metadata","1.0","ops","The class Operation_Metadata is the top-level class for operational and supplemental metadata associated with a PDS4 product.","ops","","","","","","","","","","",""
"ops:Stewardship_Info:1              ","Class","Stewardship_Info","1.0","ops","The class Stewardship_Info describes the organizations responsible for producing and stewarding a product.","ops","","","","","","","","","","",""
"ops:Stewardship_Info:2               ops:producer:1                      ","Attribute","producer","n/a","ops","The organization or entity that produced the product.","ops","ASCII_Short_String_Collapsed","0","*","Unbounded","Unbounded","1","255","Units_of_None","none","TBD_classConcept","SHORT_STRING"
"ops:Stewardship_Info:2               ops:steward_organization:1          ","Attribute","steward_organization","n/a","ops","The top-level organization responsible for stewardship, curation, or long-term management.","ops","ASCII_Short_String_Collapsed","0","*","Unbounded","Unbounded","1","255","Units_of_None","none","TBD_classConcept","SHORT_STRING"
"ops:Stewardship_Info:2               ops:steward_sub_organization:1      ","Attribute","steward_sub_organization","n/a","ops","The organizational unit within the steward organization responsible for stewardship, curation, or long-term management.","ops","ASCII_Short_String_Collapsed","0","*","Unbounded","Unbounded","1","255","Units_of_None","none","TBD_classConcept","SHORT_STRING"
"ops:Stewardship_Info:2               pds:comment:1                       ","Attribute","comment","n/a","pds","The comment attribute is a character string expressing one or more remarks or thoughts relevant to the object.","TBD_steward","ASCII_Short_String_Collapsed","0","1","Unbounded","Unbounded","1","255","Units_of_None","none","TBD_classConcept","TBD_dataConcept"
"ops:File_Info:1                     ","Class","File_Info","1.0","ops","The class File_Info describes deployed or operational characteristics of a PDS4 label or data file.","ops","","","","","","","","","","",""
"ops:File_Info:2                      ops:creation_date_time:1            ","Attribute","creation_date_time","n/a","ops","(Definition not provided — replace with an authored definition.)","ops","ASCII_Date_Time_YMD","0","1","Unbounded","Unbounded","Unbounded","Unbounded","Units_of_None","none","TBD_classConcept","TIME"
"ops:File_Info:2                      ops:file_name:1                     ","Attribute","file_name","n/a","ops","(Definition not provided — replace with an authored definition.)","ops","ASCII_File_Name","1","1","Unbounded","Unbounded","1","255","Units_of_None","none","TBD_classConcept","SHORT_STRING"
"ops:File_Info:2                      ops:file_role:1                     ","Attribute","file_role","n/a","ops","Identifies whether the file is a PDS4 label or a data file.","ops","ASCII_Short_String_Collapsed","1","1","Unbounded","Unbounded","1","255","Units_of_None","none","TBD_classConcept","SHORT_STRING"
"ops:File_Info:2                      ops:file_role:2                      Value:data","Value","data","","","The data file described by a PDS4 label."
"ops:File_Info:2                      ops:file_role:2                      Value:label","Value","label","","","The file is a PDS4 label file."
"ops:File_Info:2                      ops:file_size:1                     ","Attribute","file_size","n/a","ops","(Definition not provided — replace with an authored definition.)","ops","ASCII_NonNegative_Integer","0","1","0","18446744073709551615","Unbounded","Unbounded","Units_of_None","none","TBD_classConcept","INTEGER"
"ops:File_Info:2                      ops:md5_checksum:1                  ","Attribute","md5_checksum","n/a","ops","(Definition not provided — replace with an authored definition.)","ops","ASCII_MD5_Checksum","0","1","Unbounded","Unbounded","32","32","Units_of_None","none","TBD_classConcept","SHORT_STRING"
"ops:File_Info:2                      ops:mime_type:1                     ","Attribute","mime_type","n/a","ops","(Definition not provided — replace with an authored definition.)","ops","ASCII_Short_String_Collapsed","0","1","Unbounded","Unbounded","1","255","Units_of_None","none","TBD_classConcept","SHORT_STRING"
"ops:Access_Info:1                   ","Class","Access_Info","1.0","ops","The class Access_Info describes a URI and its access characteristics for a file. Each instance represents one URI at which the file can be accessed.","ops","","","","","","","","","","",""
"ops:Access_Info:2                    ops:access_uri:1                    ","Attribute","access_uri","n/a","ops","(Definition not provided — replace with an authored definition.)","ops","ASCII_AnyURI","1","1","Unbounded","Unbounded","Unbounded","Unbounded","Units_of_None","none","TBD_classConcept","ANYURI"
"ops:Access_Info:2                    ops:access_available:1              ","Attribute","access_available","n/a","ops","Indicates whether the resource at this URI is currently available.","ops","ASCII_Boolean","0","1","Unbounded","Unbounded","Unbounded","Unbounded","Units_of_None","none","TBD_classConcept","BOOLEAN"
"ops:Access_Info:2                    ops:authorization_required:1        ","Attribute","authorization_required","n/a","ops","Indicates whether authorization is required to access the resource at this URI.","ops","ASCII_Boolean","0","1","Unbounded","Unbounded","Unbounded","Unbounded","Units_of_None","none","TBD_classConcept","BOOLEAN"
"ops:Access_Info:2                    ops:access_method:1                 ","Attribute","access_method","n/a","ops","(Definition not provided — replace with an authored definition.)","ops","ASCII_Short_String_Collapsed","0","1","Unbounded","Unbounded","1","255","Units_of_None","none","TBD_classConcept","SHORT_STRING"
"ops:Access_Info:2                    ops:access_method:2                  Value:https","Value","https","","","The URI is accessed via HTTPS."
"ops:Access_Info:2                    ops:access_method:2                  Value:internal","Value","internal","","","The URI is intended for internal operational use only."
"ops:Access_Info:2                    ops:access_method:2                  Value:native","Value","native","","","The URI is a native or system-local path."
"ops:Access_Info:2                    ops:access_method:2                  Value:s3","Value","s3","","","The URI is an Amazon S3 URI or compatible object-storage URI."
"ops:Access_Info:2                    ops:representation_role:1           ","Attribute","representation_role","n/a","ops","Identifies the role of this file representation in relation to the product.","ops","ASCII_Short_String_Collapsed","0","1","Unbounded","Unbounded","1","255","Units_of_None","none","TBD_classConcept","SHORT_STRING"
"ops:Access_Info:2                    ops:representation_role:2            Value:alternate","Value","alternate","","","An alternate representation of the product."
"ops:Access_Info:2                    ops:representation_role:2            Value:browse","Value","browse","","","A browse or preview representation."
"ops:Access_Info:2                    ops:representation_role:2            Value:primary","Value","primary","","","The primary representation of the product."
"ops:Access_Info:2                    ops:representation_profile:1        ","Attribute","representation_profile","n/a","ops","Identifies the intended deployment purpose or optimization of this file representation.","ops","ASCII_Short_String_Collapsed","0","1","Unbounded","Unbounded","1","255","Units_of_None","none","TBD_classConcept","SHORT_STRING"
"ops:Access_Info:2                    ops:representation_profile:2         Value:cloud-native","Value","cloud-native","","","The file is optimized for cloud-based processing and access."
"ops:Access_Info:2                    ops:representation_profile:2         Value:delivery","Value","delivery","","","The file is optimized for user download and delivery."
"ops:Access_Info:2                    ops:representation_profile:2         Value:preservation","Value","preservation","","","The file is in a format suitable for long-term archival retention and is the designated preservation copy."
"ops:Access_Info:2                    ops:compression_algorithm:1         ","Attribute","compression_algorithm","n/a","ops","(Definition not provided — replace with an authored definition.)","ops","ASCII_Short_String_Collapsed","0","1","Unbounded","Unbounded","1","255","Units_of_None","none","TBD_classConcept","SHORT_STRING"
"ops:Access_Info:2                    pds:comment:1                       ","Attribute","comment","n/a","pds","The comment attribute is a character string expressing one or more remarks or thoughts relevant to the object.","TBD_steward","ASCII_Short_String_Collapsed","0","1","Unbounded","Unbounded","1","255","Units_of_None","none","TBD_classConcept","TBD_dataConcept"
"ops:Product_Ancestry:1              ","Class","Product_Ancestry","1.0","ops","The class Product_Ancestry describes aggregation or membership relationships between a PDS4 product and its parent aggregate products.","ops","","","","","","","","","","",""
"ops:Product_Ancestry:2               ops:parent_bundle_identifier:1      ","Attribute","parent_bundle_identifier","n/a","ops","The logical identifier of the parent bundle that contains or aggregates the product.","ops","ASCII_LID","0","1","Unbounded","Unbounded","1","255","Units_of_None","none","TBD_classConcept","SHORT_STRING"
"ops:Product_Ancestry:2               ops:parent_collection_identifier:1  ","Attribute","parent_collection_identifier","n/a","ops","The logical identifier of the parent collection that contains or aggregates the product.","ops","ASCII_LID","0","1","Unbounded","Unbounded","1","255","Units_of_None","none","TBD_classConcept","SHORT_STRING"
"ops:Product_Ancestry:2               ops:registry_membership_complete:1  ","Attribute","registry_membership_complete","n/a","ops","Indicates whether all expected members of an aggregate product are present in the registry. True indicates complete membership; false indicates that one or more expected members are missing or not linked.","ops","ASCII_Boolean","0","1","Unbounded","Unbounded","Unbounded","Unbounded","Units_of_None","none","TBD_classConcept","BOOLEAN"
"ops:Product_Ancestry:2               ops:registry_membership_evaluation_date_time:1","Attribute","registry_membership_evaluation_date_time","n/a","ops","The date and time at which registry membership completeness was last evaluated.","ops","ASCII_Date_Time_YMD","0","1","Unbounded","Unbounded","Unbounded","Unbounded","Units_of_None","none","TBD_classConcept","TIME"
"ops:Product_Ancestry:2               pds:comment:1                       ","Attribute","comment","n/a","pds","The comment attribute is a character string expressing one or more remarks or thoughts relevant to the object.","TBD_steward","ASCII_Short_String_Collapsed","0","1","Unbounded","Unbounded","1","255","Units_of_None","none","TBD_classConcept","TBD_dataConcept"
"ops:Version_Status:1                ","Class","Version_Status","1.0","ops","The class Version_Status identifies the operational standing of a product version.","ops","","","","","","","","","","",""
"ops:Version_Status:2                 ops:version_status:1                ","Attribute","version_status","n/a","ops","(Definition not provided — replace with an authored definition.)","ops","ASCII_Short_String_Collapsed","1","1","Unbounded","Unbounded","1","255","Units_of_None","none","TBD_classConcept","SHORT_STRING"
"ops:Version_Status:2                 ops:version_status:2                 Value:superseded","Value","superseded","","","The product version has been replaced by a later version and is no longer the current version."
"ops:Version_Status:2                 ops:version_status:2                 Value:withdrawn","Value","withdrawn","","","The product version has been withdrawn from general use or distribution."
"ops:Version_Status:2                 ops:version_status_date_time:1      ","Attribute","version_status_date_time","n/a","ops","The date and time at which the version status was assigned or last updated.","ops","ASCII_Date_Time_YMD","0","1","Unbounded","Unbounded","Unbounded","Unbounded","Units_of_None","none","TBD_classConcept","TIME"
"ops:Version_Status:2                 pds:comment:1                       ","Attribute","comment","n/a","pds","The comment attribute is a character string expressing one or more remarks or thoughts relevant to the object.","TBD_steward","ASCII_Short_String_Collapsed","0","1","Unbounded","Unbounded","1","255","Units_of_None","none","TBD_classConcept","TBD_dataConcept"
"ops:Processing_Provenance:1         ","Class","Processing_Provenance","1.0","ops","The class Processing_Provenance captures Engineering Node operational provenance generated during harvest and registry activities for a product.","ops","","","","","","","","","","",""
"ops:Processing_Provenance:2          ops:harvest_id:1                    ","Attribute","harvest_id","n/a","ops","The identifier assigned to the harvest activity associated with the product.","ops","ASCII_Short_String_Collapsed","0","1","Unbounded","Unbounded","1","255","Units_of_None","none","TBD_classConcept","SHORT_STRING"
"ops:Processing_Provenance:2          ops:harvest_date_time:1             ","Attribute","harvest_date_time","n/a","ops","The date and time at which the product was harvested.","ops","ASCII_Date_Time_YMD","0","1","Unbounded","Unbounded","Unbounded","Unbounded","Units_of_None","none","TBD_classConcept","TIME"
"ops:Processing_Provenance:2          ops:harvest_version:1               ","Attribute","harvest_version","n/a","ops","The version of the harvesting software used to harvest the product.","ops","ASCII_Short_String_Collapsed","0","1","Unbounded","Unbounded","1","255","Units_of_None","none","TBD_classConcept","SHORT_STRING"
"ops:Processing_Provenance:2          ops:harvest_source:1                ","Attribute","harvest_source","n/a","ops","Identifies the source from which the product was harvested.","ops","ASCII_Short_String_Collapsed","0","1","Unbounded","Unbounded","1","255","Units_of_None","none","TBD_classConcept","SHORT_STRING"
"ops:Processing_Provenance:2          ops:harvest_job_identifier:1        ","Attribute","harvest_job_identifier","n/a","ops","The identifier assigned to the harvest job that processed the product.","ops","ASCII_Short_String_Collapsed","0","1","Unbounded","Unbounded","1","255","Units_of_None","none","TBD_classConcept","SHORT_STRING"
"ops:Processing_Provenance:2          ops:harvest_profile_identifier:1    ","Attribute","harvest_profile_identifier","n/a","ops","The identifier of the harvest configuration profile used to process the product.","ops","ASCII_Short_String_Collapsed","0","1","Unbounded","Unbounded","1","255","Units_of_None","none","TBD_classConcept","SHORT_STRING"
"ops:Processing_Provenance:2          ops:registry_id:1                   ","Attribute","registry_id","n/a","ops","The URI that identifies the product record in the registry.","ops","ASCII_AnyURI","0","1","Unbounded","Unbounded","Unbounded","Unbounded","Units_of_None","none","TBD_classConcept","ANYURI"
"ops:Processing_Provenance:2          ops:registry_version:1              ","Attribute","registry_version","n/a","ops","The version of the registry record associated with the product.","ops","ASCII_Short_String_Collapsed","0","1","Unbounded","Unbounded","1","255","Units_of_None","none","TBD_classConcept","SHORT_STRING"
"ops:Processing_Provenance:2          ops:registry_sweepers_ancestry_version:1","Attribute","registry_sweepers_ancestry_version","n/a","ops","The version of the Registry Sweepers ancestry process applied to the product.","ops","ASCII_Short_String_Collapsed","0","1","Unbounded","Unbounded","1","255","Units_of_None","none","TBD_classConcept","SHORT_STRING"
"ops:Processing_Provenance:2          ops:registry_sweepers_repairkit_version:1","Attribute","registry_sweepers_repairkit_version","n/a","ops","The version of the Registry Sweepers repair kit applied to the product.","ops","ASCII_Short_String_Collapsed","0","1","Unbounded","Unbounded","1","255","Units_of_None","none","TBD_classConcept","SHORT_STRING"
"ops:Processing_Provenance:2          ops:derived_from_identifier:1       ","Attribute","derived_from_identifier","n/a","ops","The identifier of a source product containing input data used in the creation of the described product. The source product may be within or outside the PDS4 Registry. External source products should be documented consistently with the PDS Source_Product_External class.","ops","ASCII_Short_String_Collapsed","0","*","Unbounded","Unbounded","1","255","Units_of_None","none","TBD_classConcept","SHORT_STRING"
"ops:Processing_Provenance:2          pds:comment:1                       ","Attribute","comment","n/a","pds","The comment attribute is a character string expressing one or more remarks or thoughts relevant to the object.","TBD_steward","ASCII_Short_String_Collapsed","0","1","Unbounded","Unbounded","1","255","Units_of_None","none","TBD_classConcept","TBD_dataConcept"
"ops:Systems_Lifecycle_Status:1      ","Class","Systems_Lifecycle_Status","1.0","ops","The class Systems_Lifecycle_Status captures the current operational state of a product within the Engineering Node operational workflow. The lifecycle phase identifies where the product is in the workflow, while the lifecycle state identifies the state of activity within that phase. When systems_lifecycle_phase = release and systems_lifecycle_state = complete, the product is publicly available online.","ops","","","","","","","","","","",""
"ops:Systems_Lifecycle_Status:2       ops:systems_lifecycle_phase:1       ","Attribute","systems_lifecycle_phase","n/a","ops","(Definition not provided — replace with an authored definition.)","ops","ASCII_Short_String_Collapsed","1","1","Unbounded","Unbounded","1","255","Units_of_None","none","TBD_classConcept","SHORT_STRING"
"ops:Systems_Lifecycle_Status:2       ops:systems_lifecycle_phase:2        Value:available","Value","available","","","The product is made available through an operational release workflow. When systems_lifecycle_state = complete, the product is publicly available online."
"ops:Systems_Lifecycle_Status:2       ops:systems_lifecycle_phase:2        Value:ingest","Value","ingest","","","The product is being transferred from a data provider to the PDS for acceptance, harvesting, loading, and registration."
"ops:Systems_Lifecycle_Status:2       ops:systems_lifecycle_phase:2        Value:offline","Value","offline","","","The product has been taken offline and is no longer publicly available through operational systems."
"ops:Systems_Lifecycle_Status:2       ops:systems_lifecycle_phase:2        Value:preparation","Value","preparation","","","The product is being planned, generated, documented, packaged, or otherwise prepared by a data provider for submission to PDS for archive or operational handling."
"ops:Systems_Lifecycle_Status:2       ops:systems_lifecycle_phase:2        Value:review","Value","review","","","The product is undergoing operational, technical, or approval review."
"ops:Systems_Lifecycle_Status:2       ops:systems_lifecycle_phase:2        Value:staging","Value","staging","","","The product has been prepared for release and is staged in an operational system but is not yet publicly available online."
"ops:Systems_Lifecycle_Status:2       ops:systems_lifecycle_state:1       ","Attribute","systems_lifecycle_state","n/a","ops","(Definition not provided — replace with an authored definition.)","ops","ASCII_Short_String_Collapsed","1","1","Unbounded","Unbounded","1","255","Units_of_None","none","TBD_classConcept","SHORT_STRING"
"ops:Systems_Lifecycle_Status:2       ops:systems_lifecycle_state:2        Value:blocked","Value","blocked","","","The lifecycle phase cannot proceed until an issue, dependency, or decision is resolved."
"ops:Systems_Lifecycle_Status:2       ops:systems_lifecycle_state:2        Value:complete","Value","complete","","","The lifecycle phase has been completed."
"ops:Systems_Lifecycle_Status:2       ops:systems_lifecycle_state:2        Value:failed","Value","failed","","","The lifecycle phase did not complete successfully."
"ops:Systems_Lifecycle_Status:2       ops:systems_lifecycle_state:2        Value:in_progress","Value","in_progress","","","The lifecycle phase is currently underway."
"ops:Systems_Lifecycle_Status:2       ops:systems_lifecycle_state:2        Value:pending","Value","pending","","","The lifecycle phase has not yet started."
"ops:Systems_Lifecycle_Status:2       ops:status_date_time:1              ","Attribute","status_date_time","n/a","ops","(Definition not provided — replace with an authored definition.)","ops","ASCII_Date_Time_YMD","0","1","Unbounded","Unbounded","Unbounded","Unbounded","Units_of_None","none","TBD_classConcept","TIME"
"ops:Systems_Lifecycle_Status:2       ops:status_message:1                ","Attribute","status_message","n/a","ops","(Definition not provided — replace with an authored definition.)","ops","ASCII_Text_Preserved","0","1","Unbounded","Unbounded","1","255","Units_of_None","none","TBD_classConcept","TEXT"
"ops:Archive_Lifecycle_Status:1      ","Class","Archive_Lifecycle_Status","1.0","ops","The class Archive_Lifecycle_Status captures the state of a product, collection, or bundle within the PDS archival review, preparation, and release lifecycle.","ops","","","","","","","","","","",""
"ops:Archive_Lifecycle_Status:2       ops:archive_lifecycle_state:1       ","Attribute","archive_lifecycle_state","n/a","ops","(Definition not provided — replace with an authored definition.)","ops","ASCII_Short_String_Collapsed","1","1","Unbounded","Unbounded","1","255","Units_of_None","none","TBD_classConcept","SHORT_STRING"
"ops:Archive_Lifecycle_Status:2       ops:archive_lifecycle_state:2        Value:in_internal_review","Value","in_internal_review","","","The product is undergoing an internal evaluation before formal peer review."
"ops:Archive_Lifecycle_Status:2       ops:archive_lifecycle_state:2        Value:in_lien_resolution","Value","in_lien_resolution","","","Review has identified issues or liens that are being resolved."
"ops:Archive_Lifecycle_Status:2       ops:archive_lifecycle_state:2        Value:in_peer_review","Value","in_peer_review","","","The product is currently undergoing formal review for archival acceptance."
"ops:Archive_Lifecycle_Status:2       ops:archive_lifecycle_state:2        Value:not_reviewed","Value","not_reviewed","","","The product has not yet entered the evaluation process."
"ops:Archive_Lifecycle_Status:2       ops:archive_lifecycle_state:2        Value:rejected","Value","rejected","","","The product did not satisfy requirements for archival acceptance."
"ops:Archive_Lifecycle_Status:2       ops:archive_lifecycle_state:2        Value:released","Value","released","","","The product has successfully completed archive evaluation and has been publicly released through the archive."
"ops:Archive_Lifecycle_Status:2       ops:archive_quality:1               ","Attribute","archive_quality","n/a","ops","(Definition not provided — replace with an authored definition.)","ops","ASCII_Short_String_Collapsed","0","1","Unbounded","Unbounded","1","255","Units_of_None","none","TBD_classConcept","SHORT_STRING"
"ops:Archive_Lifecycle_Status:2       ops:archive_quality:2                Value:external","Value","external","","","Product quality is indeterminate and is not intended for formal inclusion in the PDS archive and may be made available externally to the archive."
"ops:Archive_Lifecycle_Status:2       ops:archive_quality:2                Value:needs_improvement","Value","needs_improvement","","","The product requires additional work before meeting archive quality requirements."
"ops:Archive_Lifecycle_Status:2       ops:archive_quality:2                Value:satisfactory","Value","satisfactory","","","The product satisfies archive quality requirements."
"ops:Archive_Lifecycle_Status:2       ops:archive_quality:2                Value:undetermined","Value","undetermined","","","Archive quality has not yet been determined."
"ops:Archive_Lifecycle_Status:2       ops:accumulating_data_flag:1        ","Attribute","accumulating_data_flag","n/a","ops","Indicates whether the product is accumulating under the PDS Policy on Accumulating Data. True indicates that data are being delivered incrementally at intervals mutually agreeable to the data provider and the PDS node. False indicates that the product was accumulating but the final increment has now been ingested. When the attribute is absent, the product is not designated as accumulating.","ops","ASCII_Boolean","0","1","Unbounded","Unbounded","Unbounded","Unbounded","Units_of_None","none","TBD_classConcept","BOOLEAN"
"ops:Archive_Lifecycle_Status:2       ops:archive_status_date_time:1      ","Attribute","archive_status_date_time","n/a","ops","The date and time at which the archive status was assigned or updated.","ops","ASCII_Date_Time_YMD","1","1","Unbounded","Unbounded","Unbounded","Unbounded","Units_of_None","none","TBD_classConcept","TIME"
"ops:Archive_Lifecycle_Status:2       ops:archive_status_message:1        ","Attribute","archive_status_message","n/a","ops","Free-text notes describing archive status.","ops","ASCII_Text_Preserved","0","1","Unbounded","Unbounded","1","255","Units_of_None","none","TBD_classConcept","TEXT"
"ops:Validation_Assessment:1         ","Class","Validation_Assessment","1.0","ops","The class Validation_Assessment captures the result of validating a product against a specified information model, schema, schematron, local data dictionary, or validation tool.","ops","","","","","","","","","","",""
"ops:Validation_Assessment:2          ops:validation_state:1              ","Attribute","validation_state","n/a","ops","(Definition not provided — replace with an authored definition.)","ops","ASCII_Short_String_Collapsed","0","1","Unbounded","Unbounded","1","255","Units_of_None","none","TBD_classConcept","SHORT_STRING"
"ops:Validation_Assessment:2          ops:validation_state:2               Value:failed","Value","failed","","","The product failed the validation assessment."
"ops:Validation_Assessment:2          ops:validation_state:2               Value:not_tested","Value","not_tested","","","The product has not been validated."
"ops:Validation_Assessment:2          ops:validation_state:2               Value:passed","Value","passed","","","The product passed the validation assessment."
"ops:Validation_Assessment:2          ops:validation_state:2               Value:passed_with_warnings","Value","passed_with_warnings","","","The product passed validation but produced one or more warnings."
"ops:Validation_Assessment:2          ops:validation_state:2               Value:unknown","Value","unknown","","","The validation result is not known."
"ops:Validation_Assessment:2          ops:validator_name:1                ","Attribute","validator_name","n/a","ops","The name of the validation tool, service, or application used to perform the validation assessment.","ops","ASCII_Short_String_Collapsed","0","1","Unbounded","Unbounded","1","255","Units_of_None","none","TBD_classConcept","SHORT_STRING"
"ops:Validation_Assessment:2          ops:validator_version:1             ","Attribute","validator_version","n/a","ops","The version of the validation tool, service, or application used to perform the validation assessment.","ops","ASCII_Short_String_Collapsed","0","1","Unbounded","Unbounded","1","255","Units_of_None","none","TBD_classConcept","SHORT_STRING"
"ops:Validation_Assessment:2          ops:validation_date_time:1          ","Attribute","validation_date_time","n/a","ops","The date and time at which the validation assessment was performed.","ops","ASCII_Date_Time_YMD","0","1","Unbounded","Unbounded","Unbounded","Unbounded","Units_of_None","none","TBD_classConcept","TIME"
"ops:Validation_Assessment:2          ops:validation_message_text:1       ","Attribute","validation_message_text","n/a","ops","A human-readable description of a validation result, warning, or error generated during validation.","ops","ASCII_Text_Preserved","0","*","Unbounded","Unbounded","1","255","Units_of_None","none","TBD_classConcept","TEXT"
"ops:Validation_Assessment:2          ops:action_required:1               ","Attribute","action_required","n/a","ops","Indicates whether the validation assessment identified issues requiring corrective action.","ops","ASCII_Boolean","0","1","Unbounded","Unbounded","Unbounded","Unbounded","Units_of_None","none","TBD_classConcept","BOOLEAN"
"ops:Validated_Against:1             ","Class","Validated_Against","1.0","ops","The class Validated_Against identifies a PDS4 information model namespace and version used during a validation assessment.","ops","","","","","","","","","","",""
"ops:Validated_Against:2              ops:namespace_id:1                  ","Attribute","namespace_id","n/a","ops","The namespace identifier of the information model or local data dictionary used during validation.","ops","ASCII_Short_String_Collapsed","1","1","Unbounded","Unbounded","1","255","Units_of_None","none","TBD_classConcept","SHORT_STRING"
"ops:Validated_Against:2              ops:pds4_version_id:1               ","Attribute","pds4_version_id","n/a","ops","The PDS4 version identifier associated with the namespace.","ops","ASCII_Short_String_Collapsed","1","1","Unbounded","Unbounded","1","255","Units_of_None","none","TBD_classConcept","SHORT_STRING"
"ops:Label_File_Info:1               ","Class","Label_File_Info","1.0","ops","Extension of File_Info for the label_file_info role. (Extension class auto-generated by yaml2ingestldd — replace with an authored definition.)","ops","","","","","","","","","","",""
"ops:Label_File_Info:2                ops:creation_date_time:1            ","Attribute","creation_date_time","n/a","ops","(Definition not provided — replace with an authored definition.)","ops","ASCII_Date_Time_YMD","0","1","Unbounded","Unbounded","Unbounded","Unbounded","Units_of_None","none","TBD_classConcept","TIME"
"ops:Label_File_Info:2                ops:file_name:1                     ","Attribute","file_name","n/a","ops","(Definition not provided — replace with an authored definition.)","ops","ASCII_File_Name","1","1","Unbounded","Unbounded","1","255","Units_of_None","none","TBD_classConcept","SHORT_STRING"
"ops:Label_File_Info:2                ops:file_role:1                     ","Attribute","file_role","n/a","ops","Identifies whether the file is a PDS4 label or a data file.","ops","ASCII_Short_String_Collapsed","1","1","Unbounded","Unbounded","1","255","Units_of_None","none","TBD_classConcept","SHORT_STRING"
"ops:Label_File_Info:2                ops:file_role:2                      Value:data","Value","data","","","The data file described by a PDS4 label."
"ops:Label_File_Info:2                ops:file_role:2                      Value:label","Value","label","","","The file is a PDS4 label file."
"ops:Label_File_Info:2                ops:file_size:1                     ","Attribute","file_size","n/a","ops","(Definition not provided — replace with an authored definition.)","ops","ASCII_NonNegative_Integer","0","1","0","18446744073709551615","Unbounded","Unbounded","Units_of_None","none","TBD_classConcept","INTEGER"
"ops:Label_File_Info:2                ops:md5_checksum:1                  ","Attribute","md5_checksum","n/a","ops","(Definition not provided — replace with an authored definition.)","ops","ASCII_MD5_Checksum","0","1","Unbounded","Unbounded","32","32","Units_of_None","none","TBD_classConcept","SHORT_STRING"
"ops:Label_File_Info:2                ops:mime_type:1                     ","Attribute","mime_type","n/a","ops","(Definition not provided — replace with an authored definition.)","ops","ASCII_Short_String_Collapsed","0","1","Unbounded","Unbounded","1","255","Units_of_None","none","TBD_classConcept","SHORT_STRING"
"ops:Data_File_Info:1                ","Class","Data_File_Info","1.0","ops","Extension of File_Info for the data_file_info role. (Extension class auto-generated by yaml2ingestldd — replace with an authored definition.)","ops","","","","","","","","","","",""
"ops:Data_File_Info:2                 ops:creation_date_time:1            ","Attribute","creation_date_time","n/a","ops","(Definition not provided — replace with an authored definition.)","ops","ASCII_Date_Time_YMD","0","1","Unbounded","Unbounded","Unbounded","Unbounded","Units_of_None","none","TBD_classConcept","TIME"
"ops:Data_File_Info:2                 ops:file_name:1                     ","Attribute","file_name","n/a","ops","(Definition not provided — replace with an authored definition.)","ops","ASCII_File_Name","1","1","Unbounded","Unbounded","1","255","Units_of_None","none","TBD_classConcept","SHORT_STRING"
"ops:Data_File_Info:2                 ops:file_role:1                     ","Attribute","file_role","n/a","ops","Identifies whether the file is a PDS4 label or a data file.","ops","ASCII_Short_String_Collapsed","1","1","Unbounded","Unbounded","1","255","Units_of_None","none","TBD_classConcept","SHORT_STRING"
"ops:Data_File_Info:2                 ops:file_role:2                      Value:data","Value","data","","","The data file described by a PDS4 label."
"ops:Data_File_Info:2                 ops:file_role:2                      Value:label","Value","label","","","The file is a PDS4 label file."
"ops:Data_File_Info:2                 ops:file_size:1                     ","Attribute","file_size","n/a","ops","(Definition not provided — replace with an authored definition.)","ops","ASCII_NonNegative_Integer","0","1","0","18446744073709551615","Unbounded","Unbounded","Units_of_None","none","TBD_classConcept","INTEGER"
"ops:Data_File_Info:2                 ops:md5_checksum:1                  ","Attribute","md5_checksum","n/a","ops","(Definition not provided — replace with an authored definition.)","ops","ASCII_MD5_Checksum","0","1","Unbounded","Unbounded","32","32","Units_of_None","none","TBD_classConcept","SHORT_STRING"
"ops:Data_File_Info:2                 ops:mime_type:1                     ","Attribute","mime_type","n/a","ops","(Definition not provided — replace with an authored definition.)","ops","ASCII_Short_String_Collapsed","0","1","Unbounded","Unbounded","1","255","Units_of_None","none","TBD_classConcept","SHORT_STRING"
"ops:Validated_Against_Core:1        ","Class","Validated_Against_Core","1.0","ops","Extension of Validated_Against for the validated_against_core role. (Extension class auto-generated by yaml2ingestldd — replace with an authored definition.)","ops","","","","","","","","","","",""
"ops:Validated_Against_Core:2         ops:namespace_id:1                  ","Attribute","namespace_id","n/a","ops","The namespace identifier of the information model or local data dictionary used during validation.","ops","ASCII_Short_String_Collapsed","1","1","Unbounded","Unbounded","1","255","Units_of_None","none","TBD_classConcept","SHORT_STRING"
"ops:Validated_Against_Core:2         ops:pds4_version_id:1               ","Attribute","pds4_version_id","n/a","ops","The PDS4 version identifier associated with the namespace.","ops","ASCII_Short_String_Collapsed","1","1","Unbounded","Unbounded","1","255","Units_of_None","none","TBD_classConcept","SHORT_STRING"
"ops:Validated_Against_Ldd:1         ","Class","Validated_Against_Ldd","1.0","ops","Extension of Validated_Against for the validated_against_ldd role. (Extension class auto-generated by yaml2ingestldd — replace with an authored definition.)","ops","","","","","","","","","","",""
"ops:Validated_Against_Ldd:2          ops:namespace_id:1                  ","Attribute","namespace_id","n/a","ops","The namespace identifier of the information model or local data dictionary used during validation.","ops","ASCII_Short_String_Collapsed","1","1","Unbounded","Unbounded","1","255","Units_of_None","none","TBD_classConcept","SHORT_STRING"
"ops:Validated_Against_Ldd:2          ops:pds4_version_id:1               ","Attribute","pds4_version_id","n/a","ops","The PDS4 version identifier associated with the namespace.","ops","ASCII_Short_String_Collapsed","1","1","Unbounded","Unbounded","1","255","Units_of_None","none","TBD_classConcept","SHORT_STRING"
